[
  {
    "place": "अमरावती, नासिक",
    "event": "",
    "date": "27 - 30\nजनवरी"
  },
  {
    "place": "दिल्ली",
    "event": "",
    "date": "31 जनवरी"
  },
  {
    "place": "भरतपुर",
    "event": "",
    "date": "01 फरवरी"
  },
  {
    "place": "अलीगढ़",
    "event": "",
    "date": "02 - 03\nफरवरी"
  },
  {
    "place": "आगरा",
    "event": "",
    "date": "04 - 07\nफरवरी"
  },
  {
    "place": "मुरैना",
    "event": "",
    "date": "08 - 09\nफरवरी"
  },
  {
    "place": "डबरा",
    "event": "",
    "date": "10 - 11\nफरवरी"
  },
  {
    "place": "झांसी, दतिया",
    "event": "",
    "date": "12 फरवरी"
  },
  {
    "place": "ग्वालियर",
    "event": "",
    "date": "13 - 16\nफरवरी"
  },
  {
    "place": "अनिर्णीत",
    "event": "",
    "date": "17 - 18\nफरवरी"
  },
  {
    "place": "यात्रा",
    "event": "",
    "date": "19 फरवरी"
  },
  {
    "place": "दुबई",
    "event": "",
    "date": "20 - 23\nफरवरी"
  },
  {
    "place": "यात्रा",
    "event": "",
    "date": "24 फरवरी"
  }
]
