[
  {
    "place": "Prayagraj",
    "event": "",
    "date": "23 - 25\nNovember"
  },
  {
    "place": "Ayodhya",
    "event": "",
    "date": "26 November"
  },
  {
    "place": "Lucknow",
    "event": "",
    "date": "27 - 28\nNovember"
  },
  {
    "place": "Jaipur",
    "event": "",
    "date": "29 - 30\nNovember"
  },
  {
    "place": "Ajmer",
    "event": "Gita Jayanti (Morning)",
    "date": "01 December"
  },
  {
    "place": "Bhilwara",
    "event": "Satsang (Evening)",
    "date": "01 December"
  },
  {
    "place": "Nasirabad, Kekri",
    "event": "",
    "date": "02 - 03\nDecember"
  },
  {
    "place": "Ahmedabad",
    "event": "",
    "date": "04 - 06\nDecember"
  },
  {
    "place": "Surat",
    "event": "",
    "date": "07 - 09\nDecember"
  },
  {
    "place": "Undecided",
    "event": "",
    "date": "10 - 31\nDecember"
  },
  {
    "place": "Mumbai",
    "event": "",
    "date": "01 - 03\nJanuary"
  },
  {
    "place": "Lonavala",
    "event": "",
    "date": "04 - 05\nJanuary"
  },
  {
    "place": "Pimpri",
    "event": "",
    "date": "06 - 07\nJanuary"
  },
  {
    "place": "Travel",
    "event": "",
    "date": "08\nJanuary"
  },
  {
    "place": "Manila",
    "event": "",
    "date": "09 - 13\nJanuary"
  },
  {
    "place": "Travel",
    "event": "",
    "date": "14\nJanuary"
  },
  {
    "place": "Chennai",
    "event": "",
    "date": "15 - 16\nJanuary"
  },
  {
    "place": "Rameshwaram Dham",
    "event": "",
    "date": "17 - 19\nJanuary"
  }
]
